mean_fit_time,std_fit_time,mean_score_time,std_score_time,param_lr__C,param_lr__max_iter,param_lr__penalty,params,split0_test_score,split1_test_score,split2_test_score,split3_test_score,split4_test_score,mean_test_score,std_test_score,rank_test_score
4.745058536529541,0.12308580237021627,0.3843713283538818,0.04995632596039853,0.1,100,l1,"{'lr__C': 0.1, 'lr__max_iter': 100, 'lr__penalty': 'l1'}",0.918958031837916,0.9204052098408104,0.9073806078147613,0.918958031837916,0.91027496382055,0.9151953690303907,0.005305442193870696,1
15.333630800247192,1.7405141199650787,0.4701066017150879,0.17681694081440102,0.1,1000,l1,"{'lr__C': 0.1, 'lr__max_iter': 1000, 'lr__penalty': 'l1'}",0.91027496382055,0.9088277858176556,0.9059334298118669,0.9030390738060782,0.91027496382055,0.9076700434153402,0.002806182261890783,2
11.666374397277831,0.5682207610062046,0.36647748947143555,0.02943089418795749,1,100,l1,"{'lr__C': 1, 'lr__max_iter': 100, 'lr__penalty': 'l1'}",0.9088277858176556,0.8900144717800289,0.91027496382055,0.9131693198263386,0.8986975397973951,0.9041968162083936,0.008605539072253853,3
2.028228759765625,0.040022911909679895,0.43468894958496096,0.016124533983664962,0.001,1000,l2,"{'lr__C': 0.001, 'lr__max_iter': 1000, 'lr__penalty': 'l2'}",0.9044862518089725,0.8986975397973951,0.9030390738060782,0.9175108538350217,0.894356005788712,0.9036179450072359,0.007798664882956584,4
1.8869668006896974,0.02598091666034688,0.4108625888824463,0.011715654605070694,0.001,100,l2,"{'lr__C': 0.001, 'lr__max_iter': 100, 'lr__penalty': 'l2'}",0.9044862518089725,0.8986975397973951,0.9030390738060782,0.9175108538350217,0.894356005788712,0.9036179450072359,0.007798664882956584,4
9.315747690200805,0.17445485371820912,0.3025681972503662,0.017815544718019417,10,100,l1,"{'lr__C': 10, 'lr__max_iter': 100, 'lr__penalty': 'l1'}",0.9117221418234442,0.8871201157742402,0.9073806078147613,0.9088277858176556,0.8972503617945007,0.9024602026049205,0.009088462210192525,6
1.8159809589385987,0.06539165349571174,0.38869295120239256,0.013397537810883087,0.1,100,l2,"{'lr__C': 0.1, 'lr__max_iter': 100, 'lr__penalty': 'l2'}",0.9088277858176556,0.8871201157742402,0.9073806078147613,0.9073806078147613,0.8986975397973951,0.9018813314037626,0.008206915704056645,7
2.0061525821685793,0.056029897493455154,0.4394580364227295,0.016657401141667534,0.01,100,l2,"{'lr__C': 0.01, 'lr__max_iter': 100, 'lr__penalty': 'l2'}",0.9059334298118669,0.8856729377713459,0.9073806078147613,0.91027496382055,0.8986975397973951,0.9015918958031838,0.008826599526469981,8
10.049980068206787,0.5682612020012413,0.38978004455566406,0.17012441243185877,100,100,l1,"{'lr__C': 100, 'lr__max_iter': 100, 'lr__penalty': 'l1'}",0.9088277858176556,0.8842257597684515,0.9059334298118669,0.9088277858176556,0.9001447178002895,0.9015918958031837,0.009243831793152704,9
38.953861236572266,2.0929711275691387,0.32024188041687013,0.029667191391803124,1,1000,l1,"{'lr__C': 1, 'lr__max_iter': 1000, 'lr__penalty': 'l1'}",0.914616497829233,0.8958031837916064,0.9001447178002895,0.9015918958031838,0.894356005788712,0.901302460202605,0.007171931515695453,10
1.3599322319030762,0.2894813450403777,0.30046629905700684,0.04571071418182224,100,100,l2,"{'lr__C': 100, 'lr__max_iter': 100, 'lr__penalty': 'l2'}",0.9117221418234442,0.8842257597684515,0.9030390738060782,0.9088277858176556,0.8986975397973951,0.901302460202605,0.009660387420132338,10
1.3231610298156737,0.039804858258774806,0.28411059379577636,0.008381834121835066,10,100,l2,"{'lr__C': 10, 'lr__max_iter': 100, 'lr__penalty': 'l2'}",0.9059334298118669,0.8871201157742402,0.9059334298118669,0.9073806078147613,0.9001447178002895,0.9013024602026048,0.007514185230533831,12
8.603426361083985,0.20332018435062196,0.2535181999206543,0.010023065736795275,1000,100,l1,"{'lr__C': 1000, 'lr__max_iter': 100, 'lr__penalty': 'l1'}",0.9059334298118669,0.8856729377713459,0.9044862518089725,0.9088277858176556,0.9001447178002895,0.901013024602026,0.008165983200964306,13
1.187979030609131,0.0633192617716482,0.2581937789916992,0.008954881392553647,1000,100,l2,"{'lr__C': 1000, 'lr__max_iter': 100, 'lr__penalty': 'l2'}",0.9044862518089725,0.8842257597684515,0.9073806078147613,0.9088277858176556,0.8972503617945007,0.9004341534008683,0.009032987863575825,14
1.7638889789581298,0.06919603629169367,0.37142071723937986,0.02408668436802121,1,100,l2,"{'lr__C': 1, 'lr__max_iter': 100, 'lr__penalty': 'l2'}",0.9044862518089725,0.8842257597684515,0.9044862518089725,0.9073806078147613,0.8986975397973951,0.8998552821997106,0.008308364743506408,15
2.298214817047119,0.08312180338316368,0.43773612976074217,0.0071063890450804735,0.01,1000,l2,"{'lr__C': 0.01, 'lr__max_iter': 1000, 'lr__penalty': 'l2'}",0.9117221418234442,0.8784370477568741,0.9059334298118669,0.9001447178002895,0.8929088277858177,0.8978292329956584,0.01152666150607226,16
3.4767990589141844,0.4151157381751861,0.5774597644805908,0.09206406274673382,0.1,1000,l2,"{'lr__C': 0.1, 'lr__max_iter': 1000, 'lr__penalty': 'l2'}",0.9044862518089725,0.8712011577424024,0.8958031837916064,0.8914616497829233,0.8885672937771346,0.8903039073806077,0.010960403026779418,17
2.51955828666687,0.027275266823715758,0.3359979152679443,0.021187203877002327,1,1000,l2,"{'lr__C': 1, 'lr__max_iter': 1000, 'lr__penalty': 'l2'}",0.9059334298118669,0.8668596237337193,0.894356005788712,0.8914616497829233,0.8856729377713459,0.8888567293777137,0.012826928976069647,18
62.926915645599365,1.2894421687802116,0.3043299674987793,0.0360771770188109,10,1000,l1,"{'lr__C': 10, 'lr__max_iter': 1000, 'lr__penalty': 'l1'}",0.9059334298118669,0.8668596237337193,0.8958031837916064,0.8871201157742402,0.8885672937771346,0.8888567293777134,0.012859542628956904,19
2.5937524318695067,0.31532194265947805,0.37507047653198244,0.09131099277737219,10,1000,l2,"{'lr__C': 10, 'lr__max_iter': 1000, 'lr__penalty': 'l2'}",0.9044862518089725,0.8668596237337193,0.8958031837916064,0.8900144717800289,0.8856729377713459,0.8885672937771346,0.012549628589683798,20
2.1459792137145994,0.057094022223650086,0.27374515533447263,0.02328126895800086,100,1000,l2,"{'lr__C': 100, 'lr__max_iter': 1000, 'lr__penalty': 'l2'}",0.9044862518089725,0.8668596237337193,0.894356005788712,0.8900144717800289,0.8856729377713459,0.8882778581765557,0.012395145068227966,21
80.72113881111144,0.9189702488616918,0.2815678596496582,0.03697200221839128,1000,1000,l1,"{'lr__C': 1000, 'lr__max_iter': 1000, 'lr__penalty': 'l1'}",0.9059334298118669,0.8654124457308249,0.894356005788712,0.8900144717800289,0.8856729377713459,0.8882778581765557,0.013276231480381727,21
2.5900532722473146,0.12407276857462113,0.3314346790313721,0.06121201989529817,1000,1000,l2,"{'lr__C': 1000, 'lr__max_iter': 1000, 'lr__penalty': 'l2'}",0.9044862518089725,0.8668596237337193,0.894356005788712,0.8885672937771346,0.8856729377713459,0.8879884225759769,0.01236808140041763,23
73.21623377799988,2.216464322129343,0.27201242446899415,0.012157976259623698,100,1000,l1,"{'lr__C': 100, 'lr__max_iter': 1000, 'lr__penalty': 'l1'}",0.9044862518089725,0.8654124457308249,0.894356005788712,0.8871201157742402,0.8871201157742402,0.887698986975398,0.012833458337131898,24
2.062002944946289,0.054982651225322685,0.4445357799530029,0.029021723594176423,0.01,100,l1,"{'lr__C': 0.01, 'lr__max_iter': 100, 'lr__penalty': 'l1'}",0.8234442836468886,0.8248914616497829,0.829232995658466,0.8176555716353111,0.8393632416787264,0.826917510853835,0.0072416764128490855,25
2.7583185195922852,0.05515929941048013,0.4519601821899414,0.03259711142398125,0.01,1000,l1,"{'lr__C': 0.01, 'lr__max_iter': 1000, 'lr__penalty': 'l1'}",0.8234442836468886,0.8219971056439942,0.8176555716353111,0.8176555716353111,0.8393632416787264,0.8240231548480462,0.008010623735512616,26
1.9341050148010255,0.06788481514426968,0.4236928939819336,0.017718997603574902,0.001,1000,l1,"{'lr__C': 0.001, 'lr__max_iter': 1000, 'lr__penalty': 'l1'}",0.5036179450072359,0.5036179450072359,0.5021707670043415,0.5021707670043415,0.5021707670043415,0.5027496382054992,0.0007089695348142556,27
2.239200258255005,0.25404723881375374,0.4303744316101074,0.020369678132364767,0.001,100,l1,"{'lr__C': 0.001, 'lr__max_iter': 100, 'lr__penalty': 'l1'}",0.5036179450072359,0.5036179450072359,0.5021707670043415,0.5021707670043415,0.5021707670043415,0.5027496382054992,0.0007089695348142556,27
