mean_fit_time,std_fit_time,mean_score_time,std_score_time,param_rfc__criterion,param_rfc__max_depth,param_rfc__n_estimators,params,split0_test_score,split1_test_score,split2_test_score,split3_test_score,split4_test_score,mean_test_score,std_test_score,rank_test_score
3.297346258163452,0.07584501509452496,0.3213643550872803,0.0031140705958057273,gini,,1000,"{'rfc__criterion': 'gini', 'rfc__max_depth': None, 'rfc__n_estimators': 1000}",0.916,0.9266666666666666,0.9066666666666666,0.9146666666666666,0.9053333333333333,0.9138666666666667,0.007664057527039957,1
3.102439594268799,0.037013778613574716,0.31837940216064453,0.0031022147353261956,entropy,,1000,"{'rfc__criterion': 'entropy', 'rfc__max_depth': None, 'rfc__n_estimators': 1000}",0.9133333333333333,0.932,0.9013333333333333,0.9173333333333333,0.904,0.9136000000000001,0.0109105453575887,2
0.3970037937164307,0.015791613527052953,0.11438174247741699,0.0011290150980991548,gini,,100,"{'rfc__criterion': 'gini', 'rfc__max_depth': None, 'rfc__n_estimators': 100}",0.9146666666666666,0.9226666666666666,0.9026666666666666,0.92,0.908,0.9136,0.007418894796396572,3
0.3739604473114014,0.013042456860357765,0.11443476676940918,0.002338033798831002,entropy,,100,"{'rfc__criterion': 'entropy', 'rfc__max_depth': None, 'rfc__n_estimators': 100}",0.9133333333333333,0.9306666666666666,0.9026666666666666,0.9146666666666666,0.904,0.9130666666666667,0.010027517694380352,4
0.08837895393371582,0.010437373586740614,0.11363382339477539,0.0018567896978583073,gini,,10,"{'rfc__criterion': 'gini', 'rfc__max_depth': None, 'rfc__n_estimators': 10}",0.9186666666666666,0.92,0.896,0.9053333333333333,0.892,0.9064,0.011420060322860718,5
0.0907440185546875,0.012894123466607163,0.11601076126098633,0.0012404363289108772,entropy,,10,"{'rfc__criterion': 'entropy', 'rfc__max_depth': None, 'rfc__n_estimators': 10}",0.908,0.9133333333333333,0.8973333333333333,0.9066666666666666,0.892,0.9034666666666666,0.007710310557227176,6
1.38716402053833,0.010552484960431003,0.3194272518157959,0.0021222499320566945,gini,10,1000,"{'rfc__criterion': 'gini', 'rfc__max_depth': 10, 'rfc__n_estimators': 1000}",0.916,0.8973333333333333,0.8853333333333333,0.8746666666666667,0.8826666666666667,0.8912000000000001,0.01437528743673979,7
1.3792322158813477,0.05573258867632557,0.298310661315918,0.041309171522632415,entropy,10,1000,"{'rfc__criterion': 'entropy', 'rfc__max_depth': 10, 'rfc__n_estimators': 1000}",0.9,0.8826666666666667,0.892,0.8813333333333333,0.8906666666666667,0.8893333333333334,0.006798692684790389,8
1.3305728912353516,0.010876212828495494,0.3179285526275635,0.002237088116417892,gini,5,1000,"{'rfc__criterion': 'gini', 'rfc__max_depth': 5, 'rfc__n_estimators': 1000}",0.888,0.8946666666666667,0.8866666666666667,0.876,0.892,0.8874666666666666,0.006400000000000013,9
1.4026223182678224,0.23197876276477292,0.32230682373046876,0.0023762476588129245,gini,3,1000,"{'rfc__criterion': 'gini', 'rfc__max_depth': 3, 'rfc__n_estimators': 1000}",0.8906666666666667,0.8813333333333333,0.8773333333333333,0.876,0.8986666666666666,0.8847999999999999,0.008624512868691321,10
0.2176501750946045,0.0134755064007389,0.11418132781982422,0.0017687898186584355,entropy,10,100,"{'rfc__criterion': 'entropy', 'rfc__max_depth': 10, 'rfc__n_estimators': 100}",0.8813333333333333,0.8693333333333333,0.8746666666666667,0.9106666666666666,0.8826666666666667,0.8837333333333334,0.014295920163925545,11
0.22870264053344727,0.011777416675436223,0.11551694869995117,0.0008053841909661043,gini,10,100,"{'rfc__criterion': 'gini', 'rfc__max_depth': 10, 'rfc__n_estimators': 100}",0.872,0.9,0.8906666666666667,0.8893333333333333,0.8653333333333333,0.8834666666666665,0.012805554350445857,12
1.2994170665740967,0.012284500675384526,0.3007795333862305,0.04172995554042334,entropy,5,1000,"{'rfc__criterion': 'entropy', 'rfc__max_depth': 5, 'rfc__n_estimators': 1000}",0.8813333333333333,0.8933333333333333,0.8746666666666667,0.872,0.8853333333333333,0.8813333333333333,0.007636171233747373,13
0.2127009391784668,0.008557744847016137,0.1138845443725586,0.0018959096595725766,entropy,5,100,"{'rfc__criterion': 'entropy', 'rfc__max_depth': 5, 'rfc__n_estimators': 100}",0.8826666666666667,0.8573333333333333,0.88,0.8933333333333333,0.888,0.8802666666666668,0.01234755936297626,14
1.2915495395660401,0.012383126096783473,0.3179029941558838,0.0022337636433715,entropy,3,1000,"{'rfc__criterion': 'entropy', 'rfc__max_depth': 3, 'rfc__n_estimators': 1000}",0.888,0.8746666666666667,0.876,0.8706666666666667,0.8706666666666667,0.876,0.006366579406033764,15
0.21184582710266114,0.008465260175412477,0.11464333534240723,0.001564125633547589,entropy,3,100,"{'rfc__criterion': 'entropy', 'rfc__max_depth': 3, 'rfc__n_estimators': 100}",0.8866666666666667,0.8653333333333333,0.8746666666666667,0.8653333333333333,0.8493333333333334,0.8682666666666666,0.01228983319658978,16
0.22134771347045898,0.007634880917919734,0.11555724143981934,0.0010422516591674029,gini,5,100,"{'rfc__criterion': 'gini', 'rfc__max_depth': 5, 'rfc__n_estimators': 100}",0.8493333333333334,0.8573333333333333,0.864,0.8733333333333333,0.884,0.8656,0.012115004471040575,17
0.23476853370666503,0.02151966015335832,0.11336493492126465,0.0018749998201868256,gini,3,100,"{'rfc__criterion': 'gini', 'rfc__max_depth': 3, 'rfc__n_estimators': 100}",0.8386666666666667,0.8533333333333334,0.8626666666666667,0.8746666666666667,0.8613333333333333,0.8581333333333333,0.011883882642750507,18
0.07410197257995606,0.011108785039557603,0.11326556205749512,0.0012669555163712886,entropy,10,10,"{'rfc__criterion': 'entropy', 'rfc__max_depth': 10, 'rfc__n_estimators': 10}",0.8506666666666667,0.848,0.8573333333333333,0.8506666666666667,0.8666666666666667,0.8546666666666667,0.00674619234169255,19
0.07362656593322754,0.008654396988059069,0.11378607749938965,0.001313814336979284,gini,10,10,"{'rfc__criterion': 'gini', 'rfc__max_depth': 10, 'rfc__n_estimators': 10}",0.8266666666666667,0.852,0.8,0.8613333333333333,0.86,0.8400000000000001,0.023566454501638055,20
0.07329778671264649,0.007144147340012914,0.11347136497497559,0.000739585908964282,gini,5,10,"{'rfc__criterion': 'gini', 'rfc__max_depth': 5, 'rfc__n_estimators': 10}",0.8213333333333334,0.8293333333333334,0.776,0.8266666666666667,0.7973333333333333,0.8101333333333333,0.020476110741815965,21
0.07314009666442871,0.009272634936771818,0.1160665512084961,0.0008847058402245401,entropy,5,10,"{'rfc__criterion': 'entropy', 'rfc__max_depth': 5, 'rfc__n_estimators': 10}",0.8466666666666667,0.8213333333333334,0.6733333333333333,0.84,0.8373333333333334,0.8037333333333333,0.06572887070720479,22
0.07790651321411132,0.007843706711479468,0.11634697914123535,0.0025209074228251336,entropy,3,10,"{'rfc__criterion': 'entropy', 'rfc__max_depth': 3, 'rfc__n_estimators': 10}",0.8146666666666667,0.6453333333333333,0.6146666666666667,0.796,0.724,0.7189333333333334,0.07926955419467314,23
0.5364959716796875,0.8337576803350049,0.11630282402038575,0.0034100814309502778,gini,3,10,"{'rfc__criterion': 'gini', 'rfc__max_depth': 3, 'rfc__n_estimators': 10}",0.6253333333333333,0.812,0.6066666666666667,0.796,0.5866666666666667,0.6853333333333333,0.09779070621599083,24
