mean_fit_time,std_fit_time,mean_score_time,std_score_time,param_svc__C,param_svc__kernel,params,split0_test_score,split1_test_score,split2_test_score,split3_test_score,split4_test_score,mean_test_score,std_test_score,rank_test_score
2.8301774501800536,0.1150859968121019,0.699152946472168,0.13583983899032895,1,sigmoid,"{'svc__C': 1, 'svc__kernel': 'sigmoid'}",0.9073806078147613,0.8798842257597684,0.8900144717800289,0.9030390738060782,0.9044862518089725,0.8969609261939219,0.01041163863884514,1
3.082071399688721,0.1370418966019017,0.6456527709960938,0.027950630090946244,10,rbf,"{'svc__C': 10, 'svc__kernel': 'rbf'}",0.8972503617945007,0.8596237337192475,0.8755426917510853,0.8726483357452967,0.8885672937771346,0.8787264833574531,0.013053513497863585,2
3.1896547794342043,0.13968881351911036,0.6418118000030517,0.03674327518068704,1,rbf,"{'svc__C': 1, 'svc__kernel': 'rbf'}",0.8986975397973951,0.8523878437047757,0.8712011577424024,0.8712011577424024,0.8769898697539797,0.8740955137481909,0.014843278037578091,3
2.984896516799927,0.064087340643824,0.6654699325561524,0.05816482889377165,100,rbf,"{'svc__C': 100, 'svc__kernel': 'rbf'}",0.8813314037626628,0.8465991316931982,0.8509406657018813,0.8610709117221418,0.8827785817655571,0.8645441389290884,0.01505621627049489,4
2.8364336013793947,0.16441912825730093,0.5015289306640625,0.04266029633497724,10,sigmoid,"{'svc__C': 10, 'svc__kernel': 'sigmoid'}",0.8596237337192475,0.8451519536903039,0.8625180897250362,0.8625180897250362,0.8712011577424024,0.8602026049204052,0.00846815562276573,5
3.5630218982696533,0.5736269240826274,0.8167079448699951,0.14165119479897345,1000,rbf,"{'svc__C': 1000, 'svc__kernel': 'rbf'}",0.8191027496382055,0.8017366136034733,0.849493487698987,0.8509406657018813,0.8596237337192475,0.8361794500723588,0.022012333825564737,6
2.5420047760009767,0.2194276835043318,0.4840360164642334,0.015453486310762342,100,sigmoid,"{'svc__C': 100, 'svc__kernel': 'sigmoid'}",0.8219971056439942,0.8176555716353111,0.8133140376266281,0.8002894356005789,0.8133140376266281,0.8133140376266281,0.007264775917806731,7
2.6500176429748534,0.3994040733800203,0.5353086471557618,0.04639238268614872,1000,sigmoid,"{'svc__C': 1000, 'svc__kernel': 'sigmoid'}",0.8176555716353111,0.8075253256150506,0.8031837916063675,0.804630969609262,0.8104196816208393,0.808683068017366,0.005128811909310947,8
2.98586483001709,0.3478467628273587,0.4509280681610107,0.12931470778863285,1000,poly,"{'svc__C': 1000, 'svc__kernel': 'poly'}",0.7091172214182344,0.6657018813314037,0.6613603473227206,0.6324167872648335,0.6960926193921853,0.6729377713458755,0.027105145628811955,9
3.034185791015625,0.20209603259438835,0.5533814907073975,0.05994564196950867,100,poly,"{'svc__C': 100, 'svc__kernel': 'poly'}",0.6888567293777135,0.6512301013024602,0.6599131693198264,0.622286541244573,0.6903039073806078,0.6625180897250361,0.02537146975491882,10
3.134227228164673,0.12092462593087976,0.6347231388092041,0.01662109993532137,0.1,sigmoid,"{'svc__C': 0.1, 'svc__kernel': 'sigmoid'}",0.6483357452966715,0.6468885672937771,0.6555716353111433,0.662807525325615,0.6468885672937771,0.6520984081041967,0.006248055903016773,11
3.172740602493286,0.2100303232054778,0.5585439205169678,0.04395198124075314,10,poly,"{'svc__C': 10, 'svc__kernel': 'poly'}",0.6468885672937771,0.613603473227207,0.6570188133140377,0.6078147612156295,0.6425470332850941,0.6335745296671491,0.019338110666848127,12
3.000960874557495,0.04749730412055604,0.70310959815979,0.07410028152999844,0.1,rbf,"{'svc__C': 0.1, 'svc__kernel': 'rbf'}",0.6121562952243126,0.5904486251808972,0.6295224312590448,0.5774240231548481,0.6193921852387844,0.6057887120115775,0.019124664007735773,13
3.0398940086364745,0.15642090437524456,0.5832631587982178,0.0973785588869118,1,poly,"{'svc__C': 1, 'svc__kernel': 'poly'}",0.5629522431259045,0.5455861070911722,0.5513748191027497,0.5455861070911722,0.5369030390738061,0.548480463096961,0.008586047452498613,14
2.9063415050506594,0.11556824649798202,0.5729013442993164,0.01579276446868742,0.1,poly,"{'svc__C': 0.1, 'svc__kernel': 'poly'}",0.5123010130246021,0.5094066570188133,0.5065123010130246,0.5137481910274964,0.5108538350217077,0.5105643994211289,0.0024898191800412934,15
2.922664260864258,0.05123684322243262,0.6756071090698242,0.09501567438140625,0.001,sigmoid,"{'svc__C': 0.001, 'svc__kernel': 'sigmoid'}",0.5036179450072359,0.5036179450072359,0.5021707670043415,0.5021707670043415,0.5021707670043415,0.5027496382054992,0.0007089695348142556,16
3.0180811405181887,0.1221624682775755,0.5804749011993409,0.02801793155240678,0.01,poly,"{'svc__C': 0.01, 'svc__kernel': 'poly'}",0.5036179450072359,0.5036179450072359,0.5021707670043415,0.5021707670043415,0.5021707670043415,0.5027496382054992,0.0007089695348142556,16
3.1080241203308105,0.15804018660781682,0.8573805332183838,0.16448634297728687,0.01,sigmoid,"{'svc__C': 0.01, 'svc__kernel': 'sigmoid'}",0.5036179450072359,0.5036179450072359,0.5021707670043415,0.5021707670043415,0.5021707670043415,0.5027496382054992,0.0007089695348142556,16
3.101619243621826,0.0559437446289997,0.7745735168457031,0.10774169777338784,0.01,rbf,"{'svc__C': 0.01, 'svc__kernel': 'rbf'}",0.5036179450072359,0.5036179450072359,0.5021707670043415,0.5021707670043415,0.5021707670043415,0.5027496382054992,0.0007089695348142556,16
2.704197645187378,0.0834399004922509,0.9034986019134521,0.11107273997581997,0.001,poly,"{'svc__C': 0.001, 'svc__kernel': 'poly'}",0.5036179450072359,0.5036179450072359,0.5021707670043415,0.5021707670043415,0.5021707670043415,0.5027496382054992,0.0007089695348142556,16
6.906622648239136,2.0094606988965884,0.6417304992675781,0.01415056540171888,0.001,rbf,"{'svc__C': 0.001, 'svc__kernel': 'rbf'}",0.5036179450072359,0.5036179450072359,0.5021707670043415,0.5021707670043415,0.5021707670043415,0.5027496382054992,0.0007089695348142556,16
